ozon_category,field_id,field_name_ru,data_type,max_length,is_required,is_collection,allowed_values_count,notes
Ароматы для дома,10096,Цвет товара,String,,False,True,0,
Ароматы для дома,10097,Название цвета,String,,False,False,0,
Ароматы для дома,10098,Образец цвета,ImageURL,,False,False,0,
Ароматы для дома,10400,Гарантия,String,,False,False,0,
Ароматы для дома,10711,Спирт в составе,String,,False,False,0,
Ароматы для дома,11254,Rich-контент JSON,multiline,,False,False,0,
Ароматы для дома,11650,Количество заводских упаковок,Integer,,False,False,0,
Ароматы для дома,12776,Название аромата,String,,False,False,0,
Ароматы для дома,21837,Озон.Видео: название,String,,False,False,0,
Ароматы для дома,21841,Озон.Видео: ссылка,String,,False,False,0,
Ароматы для дома,21845,Озон.Видеообложка: ссылка,String,,False,False,0,
Ароматы для дома,22232,ТН ВЭД коды ЕАЭС,String,,True,False,0,
Ароматы для дома,22270,Вид выпуска товара,String,,False,False,0,
Ароматы для дома,22273,Озон.Видео: товары на видео,String,,False,False,0,
Ароматы для дома,22390,Объединить в похожие товары,String,,False,False,0,
Ароматы для дома,23171,#Хештеги,String,,False,False,0,
Ароматы для дома,23249,Количество товара в УЕИ,Decimal,,False,False,0,
Ароматы для дома,23342,Назначение ароматизатора для дома,String,,False,False,0,
Ароматы для дома,23518,Минимальное количество оптом,Integer,,False,False,0,
Ароматы для дома,4191,Аннотация,multiline,,False,False,0,
Ароматы для дома,4383,"Вес товара, г",Decimal,,False,False,0,
Ароматы для дома,4384,Комплектация,multiline,,False,False,0,
Ароматы для дома,4385,Гарантийный срок,String,,False,False,0,
Ароматы для дома,4389,Страна-изготовитель,String,,False,True,0,
Ароматы для дома,6392,"Объем, мл",Decimal,,False,False,0,
Ароматы для дома,6735,Вид ароматизатора,String,,False,False,0,
Ароматы для дома,6736,Размещение ароматизатора/освежителя,String,,False,False,0,
Ароматы для дома,6737,Ароматизация,String,,False,False,0,
Ароматы для дома,8205,Срок годности в днях,Integer,,False,False,0,
Ароматы для дома,8229,Тип,String,,True,False,0,
Ароматы для дома,85,Бренд,String,,True,False,0,
Ароматы для дома,8513,"Количество в упаковке, шт",Integer,,False,False,0,
Ароматы для дома,8789,Название файла PDF,String,,False,False,0,
Ароматы для дома,8790,Документ PDF,URL,,False,False,0,
Ароматы для дома,9048,Название модели (для объединения в одну карточку),String,,True,False,0,
Ароматы для дома,9944,Аромат,String,,False,True,0,
Ароматы для дома,TITLE_MANUAL,Название товара,String,200,True,False,0,≤27 симв/слово; без CAPS; без HTML; см. Техздание SEO OZON
Ароматы для дома,4191,Аннотация,multiline,,False,False,0,"allowed_html=br,ul,li"
Косметика для ухода,10096,Цвет товара,String,,False,True,0,
Косметика для ухода,10097,Название цвета,String,,False,False,0,
Косметика для ухода,11254,Rich-контент JSON,multiline,,False,False,0,
Косметика для ухода,11650,Количество заводских упаковок,Integer,,False,False,0,
Косметика для ухода,12393,Бьюти-ингредиент,String,,False,True,0,
Косметика для ухода,20975,Аромат,String,,False,False,0,
Косметика для ухода,21837,Озон.Видео: название,String,,False,False,0,
Косметика для ухода,21841,Озон.Видео: ссылка,String,,False,False,0,
Косметика для ухода,21845,Озон.Видеообложка: ссылка,String,,False,False,0,
Косметика для ухода,21899,Форма выпуска,String,,False,False,0,
Косметика для ухода,22232,ТН ВЭД коды ЕАЭС,String,,True,False,0,
Косметика для ухода,22273,Озон.Видео: товары на видео,String,,False,False,0,
Косметика для ухода,22390,Объединить в похожие товары,String,,False,False,0,
Косметика для ухода,23171,#Хештеги,String,,False,False,0,
Косметика для ухода,23249,Количество товара в УЕИ,Decimal,,False,False,0,
Косметика для ухода,23487,Производитель,String,,False,False,0,
Косметика для ухода,23518,Минимальное количество оптом,Integer,,False,False,0,
Косметика для ухода,4191,Аннотация,multiline,,False,False,0,
Косметика для ухода,4383,"Вес товара, г",Decimal,,False,False,0,
Косметика для ухода,4386,Упаковка,String,,False,True,0,
Косметика для ухода,4389,Страна-изготовитель,String,,False,True,0,
Косметика для ухода,8044,"Вес, г",Decimal,,False,False,0,
Косметика для ухода,8048,Способ применения,multiline,,False,False,0,
Косметика для ухода,8050,Состав,multiline,,True,False,0,
Косметика для ухода,8163,"Объем, мл",Decimal,,False,False,0,
Косметика для ухода,8170,Применение,String,,False,True,0,
Косметика для ухода,8172,Тип кожи,String,,False,True,0,
Косметика для ухода,8176,Область использования,String,,False,True,0,
Косметика для ухода,8187,Особенности состава,String,,False,True,0,
Косметика для ухода,8188,Возрастной диапазон,String,,False,False,0,
Косметика для ухода,8189,Вид набора,String,,False,False,0,
Косметика для ухода,8198,SPF,String,,False,False,0,
Косметика для ухода,8205,Срок годности в днях,Integer,,True,False,0,
Косметика для ухода,8229,Тип,String,,True,False,0,
Косметика для ухода,85,Бренд,String,,True,False,0,
Косметика для ухода,8730,Назначение детской косметики,String,,False,False,0,
Косметика для ухода,8781,Солнцезащитная косметика,String,,False,False,0,
Косметика для ухода,8789,Название файла PDF,String,,False,False,0,
Косметика для ухода,8790,Документ PDF,URL,,False,False,0,
Косметика для ухода,8962,Единиц в одном товаре,Integer,,False,False,0,
Косметика для ухода,9048,Название модели (для объединения в одну карточку),String,,True,False,0,
Косметика для ухода,9070,Признак 18+,Boolean,,False,False,0,
Косметика для ухода,9163,Пол,String,,False,True,0,
Косметика для ухода,9317,Состав косметического набора,multiline,,False,False,0,
Косметика для ухода,9390,Целевая аудитория,String,,False,True,0,
Косметика для ухода,9577,Эффект от использования уходовой косметики,String,,False,True,0,
Косметика для ухода,9782,Класс опасности товара,String,,False,False,0,
Косметика для ухода,TITLE_MANUAL,Название товара,String,200,True,False,0,≤27 симв/слово; без CAPS; без HTML; см. Техздание SEO OZON
Косметика для ухода,4191,Аннотация,multiline,,False,False,0,"allowed_html=br,ul,li"
Косметика для ухода за волосами,10096,Цвет товара,String,,False,True,0,
Косметика для ухода за волосами,10097,Название цвета,String,,False,False,0,
Косметика для ухода за волосами,10098,Образец цвета,ImageURL,,False,False,0,
Косметика для ухода за волосами,11254,Rich-контент JSON,multiline,,False,False,0,
Косметика для ухода за волосами,11650,Количество заводских упаковок,Integer,,False,False,0,
Косметика для ухода за волосами,12393,Бьюти-ингредиент,String,,False,True,0,
Косметика для ухода за волосами,12776,Название аромата,String,,False,False,0,
Косметика для ухода за волосами,21837,Озон.Видео: название,String,,False,False,0,
Косметика для ухода за волосами,21841,Озон.Видео: ссылка,String,,False,False,0,
Косметика для ухода за волосами,21845,Озон.Видеообложка: ссылка,String,,False,False,0,
Косметика для ухода за волосами,21899,Форма выпуска,String,,False,False,0,
Косметика для ухода за волосами,22232,ТН ВЭД коды ЕАЭС,String,,True,False,0,
Косметика для ухода за волосами,22273,Озон.Видео: товары на видео,String,,False,False,0,
Косметика для ухода за волосами,22390,Объединить в похожие товары,String,,False,False,0,
Косметика для ухода за волосами,23171,#Хештеги,String,,False,False,0,
Косметика для ухода за волосами,23249,Количество товара в УЕИ,Decimal,,False,False,0,
Косметика для ухода за волосами,23487,Производитель,String,,False,False,0,
Косметика для ухода за волосами,23518,Минимальное количество оптом,Integer,,False,False,0,
Косметика для ухода за волосами,4191,Аннотация,multiline,,False,False,0,
Косметика для ухода за волосами,4383,"Вес товара, г",Decimal,,False,False,0,
Косметика для ухода за волосами,4386,Упаковка,String,,False,True,0,
Косметика для ухода за волосами,4389,Страна-изготовитель,String,,False,True,0,
Косметика для ухода за волосами,8044,"Вес, г",Decimal,,False,False,0,
Косметика для ухода за волосами,8048,Способ применения,multiline,,False,False,0,
Косметика для ухода за волосами,8050,Состав,multiline,,False,False,0,
Косметика для ухода за волосами,8163,"Объем, мл",Decimal,,False,False,0,
Косметика для ухода за волосами,8187,Особенности состава,String,,False,True,0,
Косметика для ухода за волосами,8199,Эффект,String,,False,True,0,
Косметика для ухода за волосами,8201,Тип волос,String,,False,True,0,
Косметика для ухода за волосами,8205,Срок годности в днях,Integer,,False,False,0,
Косметика для ухода за волосами,8229,Тип,String,,True,False,0,
Косметика для ухода за волосами,85,Бренд,String,,True,False,0,
Косметика для ухода за волосами,8781,Солнцезащитная косметика,String,,False,False,0,
Косметика для ухода за волосами,8789,Название файла PDF,String,,False,False,0,
Косметика для ухода за волосами,8790,Документ PDF,URL,,False,False,0,
Косметика для ухода за волосами,8962,Единиц в одном товаре,Integer,,False,False,0,
Косметика для ухода за волосами,9048,Название модели (для объединения в одну карточку),String,,True,False,0,
Косметика для ухода за волосами,9070,Признак 18+,Boolean,,False,False,0,
Косметика для ухода за волосами,9115,Професcиональное средство,String,,False,False,0,
Косметика для ухода за волосами,9163,Пол,String,,False,True,0,
Косметика для ухода за волосами,9390,Целевая аудитория,String,,False,True,0,
Косметика для ухода за волосами,9782,Класс опасности товара,String,,False,False,0,
Косметика для ухода за волосами,TITLE_MANUAL,Название товара,String,200,True,False,0,≤27 симв/слово; без CAPS; без HTML; см. Техздание SEO OZON
Косметика для ухода за волосами,4191,Аннотация,multiline,,False,False,0,"allowed_html=br,ul,li"
Парфюмерия,11254,Rich-контент JSON,multiline,,False,False,0,
Парфюмерия,11650,Количество заводских упаковок,Integer,,False,False,0,
Парфюмерия,12141,Название модели для шаблона наименования,String,,False,False,0,
Парфюмерия,21837,Озон.Видео: название,String,,False,False,0,
Парфюмерия,21841,Озон.Видео: ссылка,String,,False,False,0,
Парфюмерия,21845,Озон.Видеообложка: ссылка,String,,False,False,0,
Парфюмерия,22232,ТН ВЭД коды ЕАЭС,String,,True,False,0,
Парфюмерия,22270,Вид выпуска товара,String,,False,False,0,
Парфюмерия,22273,Озон.Видео: товары на видео,String,,False,False,0,
Парфюмерия,22390,Объединить в похожие товары,String,,False,False,0,
Парфюмерия,23171,#Хештеги,String,,False,False,0,
Парфюмерия,23249,Количество товара в УЕИ,Decimal,,False,False,0,
Парфюмерия,23487,Производитель,String,,False,False,0,
Парфюмерия,23518,Минимальное количество оптом,Integer,,False,False,0,
Парфюмерия,4191,Аннотация,multiline,,False,False,0,
Парфюмерия,4383,"Вес товара, г",Decimal,,False,False,0,
Парфюмерия,4386,Упаковка,String,,False,True,0,
Парфюмерия,4389,Страна-изготовитель,String,,False,True,0,
Парфюмерия,8008,Классификация аромата,String,,False,True,0,
Парфюмерия,8044,"Вес, г",Decimal,,False,False,0,
Парфюмерия,8050,Состав,multiline,,False,False,0,
Парфюмерия,8163,"Объем, мл",Decimal,,False,False,0,
Парфюмерия,8187,Особенности состава,String,,False,True,0,
Парфюмерия,8205,Срок годности в днях,Integer,,False,False,0,
Парфюмерия,8229,Тип,String,,True,False,0,
Парфюмерия,85,Бренд,String,,True,False,0,
Парфюмерия,8789,Название файла PDF,String,,False,False,0,
Парфюмерия,8790,Документ PDF,URL,,False,False,0,
Парфюмерия,8962,Единиц в одном товаре,Integer,,False,False,0,
Парфюмерия,9048,Название модели (для объединения в одну карточку),String,,True,False,0,
Парфюмерия,9070,Признак 18+,Boolean,,False,False,0,
Парфюмерия,9163,Пол,String,,False,True,0,
Парфюмерия,9390,Целевая аудитория,String,,False,True,0,
Парфюмерия,9782,Класс опасности товара,String,,False,False,0,
Парфюмерия,TITLE_MANUAL,Название товара,String,200,True,False,0,≤27 симв/слово; без CAPS; без HTML; см. Техздание SEO OZON
Парфюмерия,4191,Аннотация,multiline,,False,False,0,"allowed_html=br,ul,li"
Свеча,10019,Особенности свечи,String,,False,False,0,
Свеча,10096,Цвет товара,String,,False,True,0,
Свеча,10097,Название цвета,String,,False,False,0,
Свеча,10098,Образец цвета,ImageURL,,False,False,0,
Свеча,10400,Гарантия,String,,False,False,0,
Свеча,10735,"Время горения, ч",Decimal,,False,False,0,
Свеча,10736,В подсвечнике,String,,False,False,0,
Свеча,11254,Rich-контент JSON,multiline,,False,False,0,
Свеча,11299,Подарочная упаковка в комплекте,String,,False,False,0,
Свеча,11619,Название принта,String,,False,False,0,
Свеча,11650,Количество заводских упаковок,Integer,,False,False,0,
Свеча,11729,Класс опасности пиротехнического изделия,String,,False,False,0,
Свеча,12641,Цифра свечи/топпера,String,,False,True,0,
Свеча,12776,Название аромата,String,,False,False,0,
Свеча,13155,Вид фитиля,String,,False,True,0,
Свеча,21738,Состав свечи,String,,False,True,0,
Свеча,21763,Материал подсвечника,String,,False,True,0,
Свеча,21837,Озон.Видео: название,String,,False,False,0,
Свеча,21841,Озон.Видео: ссылка,String,,False,False,0,
Свеча,21845,Озон.Видеообложка: ссылка,String,,False,False,0,
Свеча,22232,ТН ВЭД коды ЕАЭС,String,,True,False,0,
Свеча,22270,Вид выпуска товара,String,,False,False,0,
Свеча,22273,Озон.Видео: товары на видео,String,,False,False,0,
Свеча,22390,Объединить в похожие товары,String,,False,False,0,
Свеча,23171,#Хештеги,String,,False,False,0,
Свеча,23249,Количество товара в УЕИ,Decimal,,False,False,0,
Свеча,23359,Тип свечей,String,,False,False,0,
Свеча,23518,Минимальное количество оптом,Integer,,False,False,0,
Свеча,4191,Аннотация,multiline,,False,False,0,
Свеча,4383,"Вес товара, г",Decimal,,False,False,0,
Свеча,4384,Комплектация,multiline,,False,False,0,
Свеча,4385,Гарантийный срок,String,,False,False,0,
Свеча,4389,Страна-изготовитель,String,,False,True,0,
Свеча,6392,"Объем, мл",Decimal,,False,False,0,
Свеча,6432,"Диаметр, см",Decimal,,False,False,0,
Свеча,7578,Срок годности в днях,Integer,,False,False,0,
Свеча,8229,Тип,String,,True,False,0,
Свеча,8414,"Высота, см",Decimal,,False,False,0,
Свеча,8448,Праздник,String,,False,True,0,
Свеча,85,Бренд,String,,True,False,0,
Свеча,8789,Название файла PDF,String,,False,False,0,
Свеча,8790,Документ PDF,URL,,False,False,0,
Свеча,8962,Единиц в одном товаре,Integer,,False,False,0,
Свеча,9048,Название модели (для объединения в одну карточку),String,,True,False,0,
Свеча,9070,Признак 18+,Boolean,,False,False,0,
Свеча,9230,Крышка в комплекте,String,,False,False,0,
Свеча,9782,Класс опасности товара,String,,False,False,0,
Свеча,9944,Аромат,String,,False,True,0,
Свеча,TITLE_MANUAL,Название товара,String,200,True,False,0,≤27 симв/слово; без CAPS; без HTML; см. Техздание SEO OZON
Свеча,4191,Аннотация,multiline,,False,False,0,"allowed_html=br,ul,li"
Соль для ванны,10096,Цвет товара,String,,False,True,0,
Соль для ванны,11254,Rich-контент JSON,multiline,,False,False,0,
Соль для ванны,11650,Количество заводских упаковок,Integer,,False,False,0,
Соль для ванны,20975,Аромат,String,,False,False,0,
Соль для ванны,21837,Озон.Видео: название,String,,False,False,0,
Соль для ванны,21841,Озон.Видео: ссылка,String,,False,False,0,
Соль для ванны,21845,Озон.Видеообложка: ссылка,String,,False,False,0,
Соль для ванны,22232,ТН ВЭД коды ЕАЭС,String,,True,False,0,
Соль для ванны,22273,Озон.Видео: товары на видео,String,,False,False,0,
Соль для ванны,22390,Объединить в похожие товары,String,,False,False,0,
Соль для ванны,23171,#Хештеги,String,,False,False,0,
Соль для ванны,23249,Количество товара в УЕИ,Decimal,,False,False,0,
Соль для ванны,23313,Вид средства для ванной,String,,False,False,0,
Соль для ванны,23487,Производитель,String,,False,False,0,
Соль для ванны,23518,Минимальное количество оптом,Integer,,False,False,0,
Соль для ванны,4191,Аннотация,multiline,,False,False,0,
Соль для ванны,4383,"Вес товара, г",Decimal,,False,False,0,
Соль для ванны,4386,Упаковка,String,,False,True,0,
Соль для ванны,4389,Страна-изготовитель,String,,False,True,0,
Соль для ванны,8044,"Вес, г",Decimal,,False,False,0,
Соль для ванны,8048,Способ применения,multiline,,False,False,0,
Соль для ванны,8050,Состав,multiline,,False,False,0,
Соль для ванны,8163,"Объем, мл",Decimal,,False,False,0,
Соль для ванны,8187,Особенности состава,String,,False,True,0,
Соль для ванны,8205,Срок годности в днях,Integer,,False,False,0,
Соль для ванны,8229,Тип,String,,True,False,0,
Соль для ванны,85,Бренд,String,,True,False,0,
Соль для ванны,8789,Название файла PDF,String,,False,False,0,
Соль для ванны,8790,Документ PDF,URL,,False,False,0,
Соль для ванны,8962,Единиц в одном товаре,Integer,,False,False,0,
Соль для ванны,9048,Название модели (для объединения в одну карточку),String,,True,False,0,
Соль для ванны,9070,Признак 18+,Boolean,,False,False,0,
Соль для ванны,9390,Целевая аудитория,String,,False,True,0,
Соль для ванны,9782,Класс опасности товара,String,,True,False,0,
Соль для ванны,TITLE_MANUAL,Название товара,String,200,True,False,0,≤27 симв/слово; без CAPS; без HTML; см. Техздание SEO OZON
Соль для ванны,4191,Аннотация,multiline,,False,False,0,"allowed_html=br,ul,li"
Средства для гигиены тела,10096,Цвет товара,String,,False,True,0,
Средства для гигиены тела,11254,Rich-контент JSON,multiline,,False,False,0,
Средства для гигиены тела,11650,Количество заводских упаковок,Integer,,False,False,0,
Средства для гигиены тела,12776,Название аромата,String,,False,False,0,
Средства для гигиены тела,21837,Озон.Видео: название,String,,False,False,0,
Средства для гигиены тела,21841,Озон.Видео: ссылка,String,,False,False,0,
Средства для гигиены тела,21845,Озон.Видеообложка: ссылка,String,,False,False,0,
Средства для гигиены тела,21899,Форма выпуска,String,,False,False,0,
Средства для гигиены тела,22227,Вид дезодоранта,String,,False,False,0,
Средства для гигиены тела,22232,ТН ВЭД коды ЕАЭС,String,,True,False,0,
Средства для гигиены тела,22273,Озон.Видео: товары на видео,String,,False,False,0,
Средства для гигиены тела,22390,Объединить в похожие товары,String,,False,False,0,
Средства для гигиены тела,22408,Время работы дезодоранта,String,,False,False,0,
Средства для гигиены тела,22815,Вид средства для душа,String,,False,False,0,
Средства для гигиены тела,23171,#Хештеги,String,,False,False,0,
Средства для гигиены тела,23249,Количество товара в УЕИ,Decimal,,False,False,0,
Средства для гигиены тела,23487,Производитель,String,,False,False,0,
Средства для гигиены тела,23518,Минимальное количество оптом,Integer,,False,False,0,
Средства для гигиены тела,4191,Аннотация,multiline,,False,False,0,
Средства для гигиены тела,4383,"Вес товара, г",Decimal,,False,False,0,
Средства для гигиены тела,4386,Упаковка,String,,False,True,0,
Средства для гигиены тела,4389,Страна-изготовитель,String,,False,True,0,
Средства для гигиены тела,8050,Состав,multiline,,False,False,0,
Средства для гигиены тела,8163,"Объем, мл",Decimal,,False,False,0,
Средства для гигиены тела,8172,Тип кожи,String,,False,True,0,
Средства для гигиены тела,8176,Область использования,String,,False,True,0,
Средства для гигиены тела,8187,Особенности состава,String,,False,True,0,
Средства для гигиены тела,8205,Срок годности в днях,Integer,,False,False,0,
Средства для гигиены тела,8229,Тип,String,,True,False,0,
Средства для гигиены тела,85,Бренд,String,,True,False,0,
Средства для гигиены тела,8789,Название файла PDF,String,,False,False,0,
Средства для гигиены тела,8790,Документ PDF,URL,,False,False,0,
Средства для гигиены тела,8962,Единиц в одном товаре,Integer,,False,False,0,
Средства для гигиены тела,9048,Название модели (для объединения в одну карточку),String,,True,False,0,
Средства для гигиены тела,9070,Признак 18+,Boolean,,False,False,0,
Средства для гигиены тела,9163,Пол,String,,False,True,0,
Средства для гигиены тела,9390,Целевая аудитория,String,,False,True,0,
Средства для гигиены тела,9782,Класс опасности товара,String,,False,False,0,
Средства для гигиены тела,TITLE_MANUAL,Название товара,String,200,True,False,0,≤27 симв/слово; без CAPS; без HTML; см. Техздание SEO OZON
Средства для гигиены тела,4191,Аннотация,multiline,,False,False,0,"allowed_html=br,ul,li"
Средство после бритья,11254,Rich-контент JSON,multiline,,False,False,0,
Средство после бритья,11650,Количество заводских упаковок,Integer,,False,False,0,
Средство после бритья,21837,Озон.Видео: название,String,,False,False,0,
Средство после бритья,21841,Озон.Видео: ссылка,String,,False,False,0,
Средство после бритья,21845,Озон.Видеообложка: ссылка,String,,False,False,0,
Средство после бритья,22232,ТН ВЭД коды ЕАЭС,String,,True,False,0,
Средство после бритья,22273,Озон.Видео: товары на видео,String,,False,False,0,
Средство после бритья,22390,Объединить в похожие товары,String,,False,False,0,
Средство после бритья,22785,Вид средства после бритья,String,,False,False,0,
Средство после бритья,23171,#Хештеги,String,,False,False,0,
Средство после бритья,23249,Количество товара в УЕИ,Decimal,,False,False,0,
Средство после бритья,23487,Производитель,String,,False,False,0,
Средство после бритья,23518,Минимальное количество оптом,Integer,,False,False,0,
Средство после бритья,4191,Аннотация,multiline,,False,False,0,
Средство после бритья,4383,"Вес товара, г",Decimal,,False,False,0,
Средство после бритья,4386,Упаковка,String,,False,True,0,
Средство после бритья,4389,Страна-изготовитель,String,,False,True,0,
Средство после бритья,8044,"Вес, г",Decimal,,False,False,0,
Средство после бритья,8050,Состав,multiline,,True,False,0,
Средство после бритья,8163,"Объем, мл",Decimal,,False,False,0,
Средство после бритья,8172,Тип кожи,String,,False,True,0,
Средство после бритья,8187,Особенности состава,String,,False,True,0,
Средство после бритья,8205,Срок годности в днях,Integer,,True,False,0,
Средство после бритья,8229,Тип,String,,True,False,0,
Средство после бритья,85,Бренд,String,,True,False,0,
Средство после бритья,8789,Название файла PDF,String,,False,False,0,
Средство после бритья,8790,Документ PDF,URL,,False,False,0,
Средство после бритья,8962,Единиц в одном товаре,Integer,,False,False,0,
Средство после бритья,9048,Название модели (для объединения в одну карточку),String,,True,False,0,
Средство после бритья,9070,Признак 18+,Boolean,,False,False,0,
Средство после бритья,9163,Пол,String,,False,True,0,
Средство после бритья,9782,Класс опасности товара,String,,False,False,0,
Средство после бритья,TITLE_MANUAL,Название товара,String,200,True,False,0,≤27 симв/слово; без CAPS; без HTML; см. Техздание SEO OZON
Средство после бритья,4191,Аннотация,multiline,,False,False,0,"allowed_html=br,ul,li"
